number	id	name	inserted_at	updated_at	filename
1	2ccf8817-6d17-4ca8-acf0-bd411bfee5db	21	2026-08-03T20:17:11.258853+00:00	2026-08-03T20:17:11.258853+00:00	001-21-2ccf8817-6d17-4ca8-acf0-bd411bfee5db.sql
2	50e73158-ff76-41a7-ab8b-84ca66e68e32	20	2026-08-03T20:16:44.877755+00:00	2026-08-03T20:16:44.877755+00:00	002-20-50e73158-ff76-41a7-ab8b-84ca66e68e32.sql
3	d07921ab-1064-4f94-a313-5a67af82307f	19	2026-08-03T20:15:55.145734+00:00	2026-08-03T20:15:55.145734+00:00	003-19-d07921ab-1064-4f94-a313-5a67af82307f.sql
4	36fafe1e-f7da-4e8f-91ee-cff83733692d	def delete from here	2026-08-03T20:09:58.277481+00:00	2026-08-03T20:09:58.277481+00:00	004-def-delete-from-here-36fafe1e-f7da-4e8f-91ee-cff83733692d.sql
5	6ef23f78-754d-42ec-bd62-fca79c02f7de	18	2026-08-01T06:13:21.241452+00:00	2026-08-01T06:13:21.241452+00:00	005-18-6ef23f78-754d-42ec-bd62-fca79c02f7de.sql
6	dbe76e7e-9c8e-48c0-b446-b8e1a5fd4ad3	17	2026-08-01T05:32:04.36169+00:00	2026-08-01T05:32:04.36169+00:00	006-17-dbe76e7e-9c8e-48c0-b446-b8e1a5fd4ad3.sql
7	d83e3732-4844-42a2-b97e-ba50cd7f36df	16	2026-08-01T04:55:44.066103+00:00	2026-08-01T04:55:44.066103+00:00	007-16-d83e3732-4844-42a2-b97e-ba50cd7f36df.sql
8	d669f045-8574-492b-8785-66b341e96e9c	15	2026-08-01T04:54:51.589633+00:00	2026-08-01T04:54:51.589633+00:00	008-15-d669f045-8574-492b-8785-66b341e96e9c.sql
9	02b9a596-a437-41b1-93af-665a4344834a	14	2026-08-01T01:09:56.387744+00:00	2026-08-01T01:09:56.387744+00:00	009-14-02b9a596-a437-41b1-93af-665a4344834a.sql
10	ecc8153e-739a-4dec-9949-2e47f10e1dbe	yardpilot-fix-access-code-function-volatility-v2.sql	2026-08-01T01:04:33.015134+00:00	2026-08-01T01:04:33.015134+00:00	010-yardpilot-fix-access-code-function-volatility-v2-sql-ecc8153e-739a-4dec-9949-2e47f10e1dbe.sql
11	db783f03-6642-4faf-89a5-3b32ecf5dd5a	yardpilot-fix-access-code-function-volatility.sql	2026-08-01T01:02:46.566271+00:00	2026-08-01T01:02:46.566271+00:00	011-yardpilot-fix-access-code-function-volatility-sql-db783f03-6642-4faf-89a5-3b32ecf5dd5a.sql
12	86bc56c7-2368-4b47-89b3-a2a33db6a6c8	create-business-card-access-codes.sql	2026-08-01T00:50:10.086951+00:00	2026-08-01T00:50:10.086951+00:00	012-create-business-card-access-codes-sql-86bc56c7-2368-4b47-89b3-a2a33db6a6c8.sql
13	62d29632-a153-4473-8184-7dd548cbafc0	yardpilot-subscriptions-paywall-v1.sql	2026-08-01T00:05:26.884147+00:00	2026-08-01T00:05:26.884147+00:00	013-yardpilot-subscriptions-paywall-v1-sql-62d29632-a153-4473-8184-7dd548cbafc0.sql
14	6cf40b35-6069-443d-9239-1c879b6160ab	13	2026-07-31T19:59:59.783425+00:00	2026-07-31T19:59:59.783425+00:00	014-13-6cf40b35-6069-443d-9239-1c879b6160ab.sql
15	1919e53c-dd3b-4cac-882f-a8751dfddb65	12	2026-07-31T10:42:54.27372+00:00	2026-07-31T10:42:54.27372+00:00	015-12-1919e53c-dd3b-4cac-882f-a8751dfddb65.sql
16	31107aa5-d67c-40df-8576-e21cc210b838	11	2026-07-31T10:16:44.536949+00:00	2026-07-31T10:16:44.536949+00:00	016-11-31107aa5-d67c-40df-8576-e21cc210b838.sql
17	12150388-e870-45e2-bf91-4c5a581b7670	10	2026-07-30T05:19:10.850738+00:00	2026-07-30T05:19:10.850738+00:00	017-10-12150388-e870-45e2-bf91-4c5a581b7670.sql
18	f8c39359-c132-46a2-bb14-52a5ac80ce19	9	2026-07-30T01:11:00.638197+00:00	2026-07-30T01:11:00.638197+00:00	018-9-f8c39359-c132-46a2-bb14-52a5ac80ce19.sql
19	2b71aed0-ab0b-4ae9-8d4c-2e9204fbc467	8	2026-07-29T16:04:59.205151+00:00	2026-07-29T16:04:59.205151+00:00	019-8-2b71aed0-ab0b-4ae9-8d4c-2e9204fbc467.sql
20	7c9ec204-ca5b-407b-b2c1-4f69e401c311	7	2026-07-29T15:51:33.711188+00:00	2026-07-29T15:51:33.711188+00:00	020-7-7c9ec204-ca5b-407b-b2c1-4f69e401c311.sql
21	b6ef263f-0fdc-4a46-bfd2-917b298fd989	6	2026-07-29T15:21:48.544537+00:00	2026-07-29T15:21:48.544537+00:00	021-6-b6ef263f-0fdc-4a46-bfd2-917b298fd989.sql
22	b799d150-ff10-4f01-8ef5-e31a06b29b67	5	2026-07-29T14:39:09.160261+00:00	2026-07-29T14:39:09.160261+00:00	022-5-b799d150-ff10-4f01-8ef5-e31a06b29b67.sql
23	efbf64bc-b1f0-42a3-bd67-2726eaca10f5	4	2026-07-29T13:48:41.815198+00:00	2026-07-29T13:48:41.815198+00:00	023-4-efbf64bc-b1f0-42a3-bd67-2726eaca10f5.sql
24	10a7bd34-114a-4641-99e6-acb1251147ef	3	2026-07-29T13:30:36.8157+00:00	2026-07-29T13:30:36.8157+00:00	024-3-10a7bd34-114a-4641-99e6-acb1251147ef.sql
25	9022e0d1-4029-4d08-80d8-e85217b14469	payments	2026-07-29T11:05:45.275915+00:00	2026-07-29T11:05:45.275915+00:00	025-payments-9022e0d1-4029-4d08-80d8-e85217b14469.sql
26	d982c9a1-b2e7-4c4f-a942-0b8ca2ab2211	YardPilot lifecycle, workgroup, property workflow, and invoice archive update.	2026-07-29T09:34:58.51276+00:00	2026-07-29T09:34:58.51276+00:00	026-yardpilot-lifecycle-workgroup-property-workflow-and-invoice-archive-update-d982c9a1-b2e7-4c4f-a942-0b8ca2ab2211.sql
27	1fdf1fcb-f540-42af-99e6-a9e2aa592db5	YardPilot jobs, invoices, contacts, profile, invite, and photo-policy update	2026-07-29T08:03:30.74284+00:00	2026-07-29T08:03:30.74284+00:00	027-yardpilot-jobs-invoices-contacts-profile-invite-and-photo-policy-update-1fdf1fcb-f540-42af-99e6-a9e2aa592db5.sql
28	427da953-8f3b-45f9-9d96-dee442a54f6e	yardpilot-polish-workflow.sql	2026-07-29T06:07:24.261265+00:00	2026-07-29T06:07:24.261265+00:00	028-yardpilot-polish-workflow-sql-427da953-8f3b-45f9-9d96-dee442a54f6e.sql
29	3c503700-434c-425e-aebe-93c6ee72f637	yardpilot-workspace-lifecycle	2026-07-28T20:03:10.240579+00:00	2026-07-28T20:03:10.240579+00:00	029-yardpilot-workspace-lifecycle-3c503700-434c-425e-aebe-93c6ee72f637.sql
30	96a9f1c3-22e5-423d-9541-feb7272f8f53	yardpilot-operations-team	2026-07-28T06:57:35.751486+00:00	2026-07-28T06:57:35.751486+00:00	030-yardpilot-operations-team-96a9f1c3-22e5-423d-9541-feb7272f8f53.sql
31	12e49ed4-7feb-4efb-9732-5e35985e9eec	yardpilot-estimates-properties-darkmode	2026-07-28T05:47:52.127996+00:00	2026-07-28T05:47:52.127996+00:00	031-yardpilot-estimates-properties-darkmode-12e49ed4-7feb-4efb-9732-5e35985e9eec.sql
32	9d36121a-e1e3-4f0f-95ae-91b59fe66c17	contacts	2026-07-28T03:59:47.451487+00:00	2026-07-28T03:59:47.451487+00:00	032-contacts-9d36121a-e1e3-4f0f-95ae-91b59fe66c17.sql
33	80319b74-df99-4602-b998-b25c1094afbb	null one	2026-07-28T03:01:29.024771+00:00	2026-07-28T03:01:29.024771+00:00	033-null-one-80319b74-df99-4602-b998-b25c1094afbb.sql
34	fcf2a52b-3daf-43c7-acea-f427fdce1aa1	long main	2026-07-28T02:35:41.985513+00:00	2026-07-28T02:35:41.985513+00:00	034-long-main-fcf2a52b-3daf-43c7-acea-f427fdce1aa1.sql
35	613be78a-a349-45db-b7f0-a4aff19e0cf6	2	2026-07-28T02:21:27.059465+00:00	2026-07-28T02:21:27.059465+00:00	035-2-613be78a-a349-45db-b7f0-a4aff19e0cf6.sql
36	0e460579-3808-401b-84c4-fb68ae010173	1	2026-07-27T23:46:21.35099+00:00	2026-07-27T23:46:21.35099+00:00	036-1-0e460579-3808-401b-84c4-fb68ae010173.sql
